report_date,waha_price,basis_vs_henry_hub,total_rig_count,oil_rigs,gas_rigs,henry_hub_price,basis_calculated,rolling_mean,rolling_std,z_score,flagged,storage_date,storage_bcf
2022-01-05,3.76,,,,,3.78,-0.020000000000000018,,,,False,2021-12-31,1143
2022-01-12,4.11,,,,,4.62,-0.5099999999999998,,,,False,2022-01-07,1088
2022-01-19,4.69,,,,,4.89,-0.1999999999999993,,,,False,2022-01-14,1019
2022-01-26,4.04,,,,,4.43,-0.3899999999999997,,,,False,2022-01-21,938
2022-02-02,7.26,,,,,6.7,0.5599999999999996,,,,False,2022-01-28,837
2022-02-09,3.48,,,,,4.13,-0.6499999999999999,-0.20166666666666652,0.43466845602903653,-1.0314374717437145,False,2022-02-04,763
2022-02-16,3.93,,,,,4.39,-0.4599999999999995,-0.23857142857142838,0.4086330289892781,-0.5418763431244347,False,2022-02-11,689
2022-02-23,4.39,,,,,4.59,-0.20000000000000018,-0.23374999999999985,0.3785663746293374,0.08915213358039269,False,2022-02-18,655
2022-03-02,4.13,,,,,4.65,-0.5200000000000005,-0.2655555555555555,0.3667462034947024,-0.6937888982076958,False,2022-02-25,620
2022-03-09,4.25,,,,,4.55,-0.2999999999999998,-0.2689999999999999,0.3459431552533834,-0.08961009787083142,False,2022-03-04,582
2022-03-16,3.65,-1.02,,,,4.68,-1.0299999999999998,-0.3381818181818181,0.40044520678410367,-1.7276225813115278,False,2022-03-11,571
2022-03-23,4.4,,,,,5.26,-0.8599999999999994,-0.38166666666666654,0.4104506023502668,-1.1653858724883461,False,2022-03-18,559
2022-03-30,4.02,-1.32,,,,5.32,-1.3000000000000007,-0.4883333333333333,0.46992907266238954,-1.727211006691199,False,2022-03-25,581
2022-04-06,5.74,,,,,6.29,-0.5499999999999998,-0.49166666666666664,0.4702384952598442,-0.12405052738419337,False,2022-04-01,589
2022-04-13,6.07,,,,,6.68,-0.6099999999999994,-0.5258333333333333,0.46194171874290757,-0.18220191693383056,False,2022-04-08,617
2022-04-20,6.32,,,,,7.12,-0.7999999999999998,-0.5599999999999999,0.4661252270288825,-0.5148830959649578,False,2022-04-15,650
2022-04-27,6.49,,,,,6.91,-0.41999999999999993,-0.6416666666666666,0.31263784838439557,0.7090205738433892,False,2022-04-22,681
2022-05-04,7.78,,,,,8.3,-0.5200000000000005,-0.6308333333333332,0.31456920999803517,0.3523336989466485,False,2022-04-29,721
2022-05-11,6.96,,705.0,,,7.53,-0.5700000000000003,-0.64,0.31071764440638805,0.2252849210856099,False,2022-05-06,749
2022-05-18,7.97,,,,,8.53,-0.5599999999999996,-0.6699999999999999,0.28025961989814846,0.39249321768143536,False,2022-05-13,781
2022-05-25,8.73,,728.0,,,9.44,-0.7099999999999991,-0.6858333333333331,0.27635478953144593,-0.08744797478502221,False,2022-05-20,798
2022-06-01,7.56,,,,,8.47,-0.910000000000001,-0.7366666666666667,0.2541414542885102,-0.6820348684105676,False,2022-05-27,817
2022-06-08,8.72,,,,,9.43,-0.7099999999999991,-0.71,0.23675841158139577,3.751412309989992e-15,False,2022-06-03,843
2022-06-15,6.7,-1.02,733.0,,,7.72,-1.0199999999999996,-0.7233333333333333,0.2501030090812889,-1.186177918276238,False,2022-06-10,863
2022-06-22,6.08,,,,,6.76,-0.6799999999999997,-0.6716666666666665,0.1719848478174398,-0.048453880903385996,False,2022-06-17,875
2022-06-29,6.21,,,,,6.69,-0.4800000000000004,-0.6658333333333332,0.17758267387503232,1.04646094846002,False,2022-06-24,886
2022-07-06,5.32,,750.0,,,5.65,-0.33000000000000007,-0.6425,0.20226557699312964,1.5449984354511028,False,2022-07-01,890
2022-07-13,6.24,,752.0,,,6.68,-0.4399999999999995,-0.6124999999999999,0.20347548433969329,0.8477679783379669,False,2022-07-08,890
2022-08-24,8.08,,762.0,,,9.27,-1.1899999999999995,-0.6766666666666664,0.25270656117443024,-2.0313415328342255,True,2022-08-19,871
2022-09-14,7.24,-1.45,759.0,,,8.7,-1.459999999999999,-0.7549999999999998,0.3327434173927138,-2.11874965258272,True,2022-09-09,904
2022-09-21,5.09,,763.0,,,7.99,-2.9000000000000004,-0.9491666666666664,0.6962426214178418,-2.8019447148475627,True,2022-09-16,935
2022-09-28,3.94,,764.0,,,6.59,-2.65,-1.1233333333333333,0.8371850380165595,-1.8235713699370595,False,2022-09-23,958
2022-10-05,3.33,,765.0,,,5.84,-2.51,-1.2733333333333332,0.9141149055813831,-1.3528569101278778,False,2022-09-30,1003
2022-10-12,5.84,,762.0,,,6.6,-0.7599999999999998,-1.260833333333333,0.9205379685353298,0.5440659162926331,False,2022-10-07,1058
2022-10-19,4.87,,769.0,,,5.63,-0.7599999999999998,-1.265,0.9179275075358126,0.55015237679899,False,2022-10-14,1099
2022-10-26,-0.65,-5.91,771.0,,,5.28,-5.930000000000001,-1.6741666666666664,1.6226154999278362,-2.622823049282228,True,2022-10-21,1116
2022-11-02,2.07,,768.0,,,4.58,-2.5100000000000002,-1.8266666666666664,1.6066019099234565,-0.4253283461899344,False,2022-10-28,1160
2022-11-16,5.06,,779.0,,,5.88,-0.8200000000000003,-1.8549999999999998,1.5835259850897765,0.6536046833114147,False,2022-11-11,1228
2022-12-07,0.38,-4.15,,,,4.49,-4.11,-2.17,1.627932319343663,-1.191695733875567,False,2022-12-02,1191
2022-12-14,3.96,-2.64,,,,6.54,-2.58,-2.348333333333333,1.5357961117836243,-0.15084467585844888,False,2022-12-09,1199
2023-01-11,1.72,-1.63,772.0,,,3.41,-1.6900000000000002,-2.39,1.5080450921640247,0.4641771016246664,False,2023-01-06,1067
2023-01-25,2.37,,771.0,,,3.09,-0.7199999999999998,-2.3283333333333336,1.5636369802676733,1.0285848656879484,False,2023-01-20,1067
2023-02-08,1.9,,,,,2.4,-0.5,-2.1283333333333334,1.6356974233048307,0.9954978898501786,False,2023-02-03,951
2023-02-15,2.11,,,,,2.45,-0.3400000000000003,-1.9358333333333333,1.7032560173403357,0.9369309822402712,False,2023-02-10,931
2023-03-08,1.68,,,,,2.5,-0.8200000000000001,-1.7950000000000002,1.7212389829316666,0.5664524273900364,False,2023-03-03,925
2023-03-22,0.91,,,,,2.03,-1.1199999999999997,-1.8250000000000002,1.704616725782715,0.4135827070899373,False,2023-03-17,927
2023-04-12,0.96,-1.25,,,,2.22,-1.2600000000000002,-1.866666666666667,1.6821811238191133,0.36064289277561895,False,2023-04-07,929
2023-04-19,1.57,,,,,2.2,-0.6300000000000001,-1.425,1.1202637676417593,0.7096543001417743,False,2023-04-14,949
2023-05-24,1.6,,,,,2.25,-0.6499999999999999,-1.2700000000000002,1.0846029855959445,0.5716377404763789,False,2023-05-19,1042
2023-06-28,2.42,,,,,2.71,-0.29000000000000004,-1.2258333333333333,1.114959912311024,0.8393425835316288,False,2023-06-23,1128
2023-08-02,2.08,,,,,2.43,-0.3500000000000001,-0.9125000000000001,0.670483204318145,0.8389471896943941,False,2023-07-28,1124
2023-09-27,1.81,,,,,2.72,-0.9100000000000001,-0.7733333333333334,0.4190971537035587,-0.3260978163629705,False,2023-09-22,1071
2023-10-11,2.36,-1.3,,,,3.19,-0.8300000000000001,-0.7016666666666667,0.3065002842452585,-0.41870543007602024,False,2023-10-06,1112
2023-10-25,0.39,-2.47,624.0,,,2.86,-2.4699999999999998,-0.8475,0.5958054136285529,-2.7232045276640036,True,2023-10-20,1182
2023-11-15,2.35,,616.0,,,2.88,-0.5299999999999998,-0.85,0.5942757241917563,0.538470590289071,False,2023-11-10,1238
2023-12-13,3.39,,,,,2.33,1.06,-0.7333333333333334,0.8039372808342399,2.230688109739611,True,2023-12-08,1219
2024-01-17,2.07,,619.0,,,2.86,-0.79,-0.7308333333333333,0.8036898806395563,-0.07361877770513092,False,2024-01-12,1128
2024-01-31,1.4,,621.0,,,2.19,-0.79,-0.7033333333333335,0.7947593498930505,-0.10904768428119675,False,2024-01-26,919
2024-02-07,1.25,,619.0,,,1.94,-0.69,-0.6558333333333333,0.7752589987555869,-0.04407129323427342,False,2024-02-02,916
2024-02-14,0.94,,623.0,,,1.51,-0.5700000000000001,-0.6508333333333333,0.7756341491536672,0.10421579996385467,False,2024-02-09,936
2024-02-21,0.76,,621.0,,,1.58,-0.8200000000000001,-0.6649999999999999,0.7771685203936847,-0.19944194332714724,False,2024-02-16,944
2024-02-28,0.43,-1.2,626.0,,,1.61,-1.1800000000000002,-0.7391666666666666,0.7805878709296118,-0.56474530254786,False,2024-02-23,935
2024-03-06,0.43,-1.2,626.0,,,1.67,-1.24,-0.8133333333333334,0.7825289228849724,-0.5452407625952815,False,2024-03-01,949
2024-03-13,-0.25,-1.49,622.0,,,1.25,-1.5,-0.8624999999999999,0.8072976808182627,-0.7896715364694734,False,2024-03-08,972
2024-03-27,1.52,-1.49,624.0,,,1.43,0.09000000000000008,-0.7858333333333333,0.8530528954433262,1.026704601803348,False,2024-03-22,991
2024-04-10,1.54,,620.0,,,1.9,-0.3599999999999999,-0.61,0.6727555276621664,0.3716060139539145,False,2024-04-05,1014
2024-04-17,1.46,-2.68,617.0,,,1.5,-0.040000000000000036,-0.5691666666666667,0.6926294868547008,0.7639967352092747,False,2024-04-12,1029
2024-04-24,1.56,,619.0,,,1.6,-0.040000000000000036,-0.6608333333333333,0.504713390015171,1.230071057386989,False,2024-04-19,1057
2024-05-08,1.73,,605.0,,,2.01,-0.2799999999999998,-0.6183333333333333,0.5142308171758412,0.6579406018321933,False,2024-05-03,1087
2024-05-15,0.5,-1.65,603.0,,,2.12,-1.62,-0.6875,0.5897013882235036,-1.5813088092079781,False,2024-05-10,1097
2024-06-05,0.67,-1.55,,,,2.27,-1.6,-0.7633333333333333,0.6458867524339674,-1.2953767258946898,False,2024-05-31,1146
2024-06-12,1.77,,594.0,,,2.8,-1.0299999999999998,-0.8016666666666667,0.6470188044665576,-0.3529006139498298,False,2024-06-07,1159
2024-06-26,0.02,,588.0,,,2.45,-2.43,-0.9358333333333334,0.8000052083163793,-1.8676961738926157,False,2024-06-21,1178
2024-07-10,1.93,,585.0,,,2.4,-0.47,-0.8766666666666666,0.8065339234632166,0.504215203894289,False,2024-07-05,1183
2024-07-17,1.9,-1.65,584.0,,,1.98,-0.08000000000000007,-0.7799999999999999,0.8282511696339463,0.8451542547285164,False,2024-07-12,1173
2024-07-31,2.3,-2.15,589.0,,,1.94,0.3599999999999999,-0.625,0.8548737280494066,1.152216950505084,False,2024-07-26,1157
2024-08-14,-0.37,-2.55,588.0,,,2.18,-2.5500000000000003,-0.8450000000000001,0.9840777870214787,-1.7325866130568257,False,2024-08-09,1125
2024-08-28,-3.67,-5.56,585.0,,,1.89,-5.56,-1.2783333333333333,1.662286668928368,-2.575769117746064,True,2024-08-23,1119
2024-09-04,1.88,-2.16,583.0,,,2.05,-0.16999999999999993,-1.2891666666666666,1.653885003880441,0.6766895304333813,False,2024-08-30,1105
2024-09-11,1.98,,582.0,,,2.13,-0.1499999999999999,-1.2983333333333333,1.6466209661183737,0.6973877759131977,False,2024-09-06,1098
2024-09-18,2.0,-1.71,590.0,,,2.31,-0.31000000000000005,-1.3008333333333335,1.644956248842522,0.602346314092266,False,2024-09-13,1111
2024-09-25,1.97,,588.0,,,2.62,-0.6500000000000001,-1.22,1.651665825765006,0.3451061292837439,False,2024-09-20,1113
2024-10-02,1.62,,587.0,,,2.77,-1.15,-1.1825,1.6473566981407186,0.019728574896184396,False,2024-09-27,1113
2024-10-09,2.1,-3.58,585.0,,,2.43,-0.33000000000000007,-1.1241666666666668,1.6655409076787981,0.4768220720399278,False,2024-10-04,1136
2024-10-16,2.08,-3.04,586.0,,,2.21,-0.1299999999999999,-0.9325,1.6336413593286288,0.4912338901175962,False,2024-10-11,1166
2024-10-30,0.11,,585.0,,,2.03,-1.9199999999999997,-1.0533333333333335,1.6498668449485872,-0.5252949165686599,False,2024-10-25,1240
2024-11-06,1.65,,585.0,,,1.8,-0.15000000000000013,-1.0591666666666668,1.6462323835370447,0.5522711591380913,False,2024-11-01,1267
2024-11-13,2.61,,,,,2.06,0.5499999999999998,-1.0433333333333332,1.6619612364658662,0.9587066764093312,False,2024-11-08,1285
2024-11-20,2.84,,584.0,,,2.32,0.52,-0.7875,1.645153350133216,0.7947587377761018,False,2024-11-15,1291
2024-12-04,2.45,,582.0,,,2.75,-0.2999999999999998,-0.3491666666666666,0.6692663328170805,0.07346352902545408,False,2024-11-29,1310
2024-12-11,2.51,,589.0,,,2.9,-0.3900000000000001,-0.3675,0.6669213528663555,-0.03373711143495043,False,2024-12-06,1251
2024-12-18,5.02,,589.0,,,3.01,2.01,-0.1875,0.958646062281211,2.2922954429821476,True,2024-12-13,1222
2025-01-29,2.35,,576.0,,,3.38,-1.0299999999999998,-0.24750000000000003,0.9890594705899312,-0.7911556617857087,False,2025-01-24,901
2025-02-26,1.5,-2.41,592.0,,,3.9,-2.4,-0.39333333333333337,1.1668398139912566,-1.7197447692521939,False,2025-02-21,688
2025-03-05,1.07,-3.33,593.0,,,4.4,-3.33,-0.5750000000000001,1.4343861531552915,-1.9206822332603306,False,2025-02-28,658
2025-03-12,4.0,-3.78,592.0,,,4.18,-0.17999999999999972,-0.5625,1.4373658040128314,0.2661117990508321,False,2025-03-07,660
2025-03-19,-0.57,-4.79,592.0,,,4.21,-4.78,-0.9499999999999998,1.8714262912645967,-2.046567379050723,True,2025-03-14,688
2025-03-26,3.53,,593.0,,,3.85,-0.3200000000000003,-0.8166666666666668,1.852940333304847,0.26804245001285454,False,2025-03-21,725
2025-04-02,1.05,-3.0,592.0,,,4.04,-2.99,-1.0533333333333335,1.939401657181613,-0.9985897761276945,False,2025-03-28,758
2025-04-23,2.19,,585.0,,,3.12,-0.9300000000000002,-1.1766666666666667,1.8741317181483526,0.13161650500764907,False,2025-04-18,851
2025-04-30,2.75,-1.67,,,,3.12,-0.3700000000000001,-1.2508333333333332,1.8176431209540322,0.48460191287220744,False,2025-04-25,885
2025-05-14,3.08,-2.25,578.0,,,3.31,-0.22999999999999998,-1.245,1.8210810974902691,0.5573612297655645,False,2025-05-09,957
2025-05-21,3.92,,576.0,,,3.2,0.7199999999999998,-1.1525,1.89514271470275,0.9880522376879138,False,2025-05-16,996
2025-05-28,3.77,,566.0,,,3.09,0.6800000000000002,-1.2633333333333334,1.7245939355176458,1.1268353050018305,False,2025-05-23,1021
2025-10-01,2.98,,549.0,,,3.24,-0.26000000000000023,-1.1991666666666667,1.7482274572904526,0.5372107975710807,False,2025-09-26,1186
2025-10-15,3.19,,547.0,,,2.79,0.3999999999999999,-0.9658333333333334,1.7601986372066765,0.7759540908978455,False,2025-10-10,1222
2025-10-29,2.99,,550.0,,,3.36,-0.36999999999999966,-0.7191666666666667,1.5987748623887164,0.21839639519036472,False,2025-10-24,1282
2025-11-05,-1.02,-4.53,546.0,,,3.51,-4.529999999999999,-1.0816666666666668,1.9252335552925108,-1.7911246787974298,False,2025-10-31,1296
2025-11-12,4.18,,548.0,,,3.6,0.5799999999999996,-0.6349999999999999,1.580020137961423,0.7689775407341449,False,2025-11-07,1318
2025-11-19,2.48,,549.0,,,3.94,-1.46,-0.73,1.5935723162984243,-0.4580902871704347,False,2025-11-14,1316
2025-12-17,4.11,,548.0,,,3.66,0.4500000000000002,-0.44333333333333336,1.4532992767763926,0.614693303443227,False,2025-12-12,1242
