report_date,waha_price,basis_vs_henry_hub,total_rig_count,oil_rigs,gas_rigs
2022-01-05,3.76,,,,
2022-01-12,4.11,,,,
2022-01-19,4.69,,,,
2022-01-26,4.04,,,,
2022-02-02,7.26,,,,
2022-02-09,3.48,,,,
2022-02-16,3.93,,,,
2022-02-23,4.39,,,,
2022-03-02,4.13,,,,
2022-03-09,4.25,,,,
2022-03-16,3.65,-1.02,,,
2022-03-23,4.4,,,,
2022-03-30,4.02,-1.32,,,
2022-04-06,5.74,,,,
2022-04-13,6.07,,,,
2022-04-20,6.32,,,,
2022-04-27,6.49,,,,
2022-05-04,7.78,,,,
2022-05-11,6.96,,705.0,,
2022-05-18,7.97,,,,
2022-05-25,8.73,,728.0,,
2022-06-01,7.56,,,,
2022-06-08,8.72,,,,
2022-06-15,6.7,-1.02,733.0,,
2022-06-22,6.08,,,,
2022-06-29,6.21,,,,
2022-07-06,5.32,,750.0,,
2022-07-13,6.24,,752.0,,
2022-07-20,,,756.0,,
2022-07-27,,,758.0,,
2022-08-03,,,767.0,,
2022-08-10,,,764.0,,
2022-08-17,,,,,
2022-08-24,8.08,,762.0,,
2022-08-31,,,765.0,,
2022-09-07,,,760.0,,
2022-09-14,7.24,-1.45,759.0,,
2022-09-21,5.09,,763.0,,
2022-09-28,3.94,,764.0,,
2022-10-05,3.33,,765.0,,
2022-10-12,5.84,,762.0,,
2022-10-19,4.87,,769.0,,
2022-10-26,-0.65,-5.91,771.0,,
2022-11-02,2.07,,768.0,,
2022-11-09,,,770.0,,
2022-11-16,5.06,,779.0,,
2022-11-30,,,784.0,,
2022-12-07,0.38,-4.15,,,
2022-12-14,3.96,-2.64,,,
2022-12-21,,,,,
2023-01-11,1.72,-1.63,772.0,,
2023-01-18,,,775.0,,
2023-01-25,2.37,,771.0,,
2023-02-01,,,,,
2023-02-08,1.9,,,,
2023-02-15,2.11,,,,
2023-02-22,,,,,
2023-03-01,,,,,
2023-03-08,1.68,,,,
2023-03-15,,,,,
2023-03-22,0.91,,,,
2023-03-29,,,758.0,,
2023-04-05,,,,,
2023-04-12,0.96,-1.25,,,
2023-04-19,1.57,,,,
2023-04-26,,,,,
2023-05-03,,,,,
2023-05-10,,,,,
2023-05-17,,,731.0,,
2023-05-24,1.6,,,,
2023-05-31,,,,,
2023-06-07,,,,,
2023-06-14,,,,,
2023-06-21,,,,,
2023-06-28,2.42,,,,
2023-07-05,,,,,
2023-07-12,,,,,
2023-07-19,,,,,
2023-07-26,,,,,
2023-08-02,2.08,,,,
2023-08-09,,,,,
2023-08-16,,,654.0,,
2023-08-23,,,,,
2023-08-30,,,,,
2023-09-06,,,,,
2023-09-13,,,,,
2023-09-20,,,641.0,,
2023-09-27,1.81,,,,
2023-10-04,,,,,
2023-10-11,2.36,-1.3,,,
2023-10-18,,,,,
2023-10-25,0.39,-2.47,624.0,,
2023-11-01,,,,,
2023-11-08,,,618.0,,
2023-11-15,2.35,,616.0,,
2023-11-29,,,,,
2023-12-06,,-2.09,625.0,,
2023-12-13,3.39,,,,
2023-12-20,,,623.0,,
2024-01-10,,,,,
2024-01-17,2.07,,619.0,,
2024-01-24,,,620.0,,
2024-01-31,1.4,,621.0,,
2024-02-07,1.25,,619.0,,
2024-02-14,0.94,,623.0,,
2024-02-21,0.76,,621.0,,
2024-02-28,0.43,-1.2,626.0,,
2024-03-06,0.43,-1.2,626.0,,
2024-03-13,-0.25,-1.49,622.0,,
2024-03-20,,,629.0,,
2024-03-27,1.52,-1.49,624.0,,
2024-04-03,,,621.0,,
2024-04-10,1.54,,620.0,,
2024-04-17,1.46,-2.68,617.0,,
2024-04-24,1.56,,619.0,,
2024-05-01,,,,,
2024-05-08,1.73,,605.0,,
2024-05-15,0.5,-1.65,603.0,,
2024-05-22,,,604.0,,
2024-05-29,,,600.0,,
2024-06-05,0.67,-1.55,,,
2024-06-12,1.77,,594.0,,
2024-06-26,0.02,,588.0,,
2024-07-10,1.93,,585.0,,
2024-07-17,1.9,-1.65,584.0,,
2024-07-24,,,586.0,,
2024-07-31,2.3,-2.15,589.0,,
2024-08-07,,,586.0,,
2024-08-14,-0.37,-2.55,588.0,,
2024-08-21,,,586.0,,
2024-08-28,-3.67,-5.56,585.0,,
2024-09-04,1.88,-2.16,583.0,,
2024-09-11,1.98,,582.0,,
2024-09-18,2.0,-1.71,590.0,,
2024-09-25,1.97,,588.0,,
2024-10-02,1.62,,587.0,,
2024-10-09,2.1,-3.58,585.0,,
2024-10-16,2.08,-3.04,586.0,,
2024-10-23,,,585.0,,
2024-10-30,0.11,,585.0,,
2024-11-06,1.65,,585.0,,
2024-11-13,2.61,,,,
2024-11-20,2.84,,584.0,,
2024-12-04,2.45,,582.0,,
2024-12-11,2.51,,589.0,,
2024-12-18,5.02,,589.0,,
2025-01-08,,,589.0,,
2025-01-15,,,584.0,,
2025-01-22,,,580.0,,
2025-01-29,2.35,,576.0,,
2025-02-05,,-1.36,582.0,,
2025-02-12,,,586.0,,
2025-02-19,,,588.0,,
2025-02-26,1.5,-2.41,592.0,,
2025-03-05,1.07,-3.33,593.0,,
2025-03-12,4.0,-3.78,592.0,,
2025-03-19,-0.57,-4.79,592.0,,
2025-03-26,3.53,,593.0,,
2025-04-02,1.05,-3.0,592.0,,
2025-04-09,,,590.0,,
2025-04-16,,,583.0,,
2025-04-23,2.19,,585.0,,
2025-04-30,2.75,-1.67,,,
2025-05-07,,,,,
2025-05-14,3.08,-2.25,578.0,,
2025-05-21,3.92,,576.0,,
2025-05-28,3.77,,566.0,,
2025-06-04,,,563.0,,
2025-06-11,,,559.0,,
2025-06-25,,,554.0,,
2025-07-09,,,539.0,,
2025-07-16,,,537.0,,
2025-07-23,,,544.0,,
2025-07-30,,,542.0,,
2025-08-06,,,540.0,,
2025-08-13,,,539.0,,
2025-08-20,,,539.0,,
2025-08-27,,,538.0,,
2025-09-03,,,536.0,,
2025-09-10,,,537.0,,
2025-09-17,,,539.0,,
2025-09-24,,,542.0,,
2025-10-01,2.98,,549.0,,
2025-10-08,,,549.0,,
2025-10-15,3.19,,547.0,,
2025-10-22,,,548.0,,
2025-10-29,2.99,,550.0,,
2025-11-05,-1.02,-4.53,546.0,,
2025-11-12,4.18,,548.0,,
2025-11-19,2.48,,549.0,,
2025-12-03,,,544.0,,
2025-12-10,,,549.0,,
2025-12-17,4.11,,548.0,,
2026-01-07,,,546.0,,
2026-01-14,,,544.0,,
2026-01-21,,,543.0,,
